{"train/global_step":126,"train_runtime":298.2761,"eval/samples_per_second":6.716,"_wandb":{"runtime":309},"eval/rouge2":0.15869434620170408,"eval/runtime":148.8942,"train/learning_rate":1.5873015873015874e-07,"eval/loss":2.003295421600342,"_timestamp":1.7339820701695158e+09,"train/epoch":2,"eval/rouge1":0.32547536607763716,"total_flos":2.70683602944e+14,"_runtime":309.9407723,"train_steps_per_second":0.422,"_step":4,"eval/steps_per_second":1.679,"train_samples_per_second":6.705,"train/grad_norm":2.6271770000457764,"train/loss":2.2595,"train_loss":2.3457870483398438,"eval/rougeL":0.2539955210427661,"eval/rougeLsum":0.30539392527792164}